{
    "enabled": true,
    "coin": "coinx11.json",

    "auxes": [  ],
    "address": "TJVv8Cw7RFhLCFRLerUig7639Jz4NhJrcm",

    "rewardRecipients": {
        "n37vuNFkXfk15uFnGoVyHZ6PYQxppD3QqK": 0.0,
        "22851477d63a085dbc2398c8430af1c09e7343f6": 0.0
    },

    "paymentProcessing": {
        "enabled": true,
        "paymentInterval": 20,
        "minimumPayment": 1000000000,
        "daemon": {
            "host": "127.0.0.1",
            "port": 11511,
            "user": "coinnamerpcfsdfsdfs",
            "password": "x11coinnamehgjgjdf"
        }
    },

    "ports": {
        "3011": {
            "diff": 1
        },
        "3012": {
            "diff": 256,
            "varDiff": {
                "minDiff": 256,
                "maxDiff": 10000000,
                "targetTime": 15,
                "retargetTime": 30,
                "variancePercent": 20
            }
        },
        "3013": {
            "diff": 10000
        }
    },

    "daemons": [
        {
            "host": "127.0.0.1",
            "port": 11511,
            "user": "coinnamerpcfsdfsdfs",
            "password": "x11coinnamehgjgjdf"
        }
    ],

    "p2p": {
        "enabled": false,
        "host": "127.0.0.1",
        "port": 19333,
        "disableTransactions": false
    },

    "mposMode": {
        "enabled": false,
        "host": "127.0.0.1",
        "port": 3306,
        "user": "me",
        "password": "mypass",
        "database": "ltc",
        "checkPassword": false,
        "autoCreateWorker": false
    }

}
